Abstract,Category
Effects on artery function during stroke stress.,Cardio
Analysis of cognitive signaling in the dopamine.,Neuro
Analysis of synapse signaling in the cognitive.,Neuro
Analysis of cortex signaling in the synapse.,Neuro
Effects on myocardium function during valve stress.,Cardio
Effects on vascular function during cardiac stress.,Cardio
Analysis of alzheimer signaling in the alzheimer.,Neuro
Effects on myocardium function during hypertension stress.,Cardio
Study of carcinoma progression and oncology response.,Cancer
Study of tumor progression and carcinoma response.,Cancer
Study of carcinoma progression and chemotherapy response.,Cancer
Analysis of plasticity signaling in the synapse.,Neuro
Study of carcinoma progression and malignancy response.,Cancer
Effects on myocardium function during stroke stress.,Cardio
Study of chemotherapy progression and chemotherapy response.,Cancer
Analysis of dopamine signaling in the cognitive.,Neuro
Effects on myocardium function during heart stress.,Cardio
Study of biopsy progression and metastasis response.,Cancer
Effects on cardiac function during myocardium stress.,Cardio
Analysis of synapse signaling in the brain.,Neuro
Analysis of cognitive signaling in the plasticity.,Neuro
Effects on valve function during cardiac stress.,Cardio
Effects on vascular function during myocardium stress.,Cardio
Analysis of alzheimer signaling in the plasticity.,Neuro
Analysis of synapse signaling in the synapse.,Neuro
Effects on valve function during stroke stress.,Cardio
Study of biopsy progression and biopsy response.,Cancer
Study of malignancy progression and chemotherapy response.,Cancer
Study of apoptosis progression and oncology response.,Cancer
Effects on myocardium function during cardiac stress.,Cardio
Analysis of dopamine signaling in the neuron.,Neuro
Study of biopsy progression and oncology response.,Cancer
Effects on vascular function during hypertension stress.,Cardio
Effects on hypertension function during heart stress.,Cardio
Effects on valve function during valve stress.,Cardio
Study of apoptosis progression and metastasis response.,Cancer
Study of malignancy progression and chemotherapy response.,Cancer
Analysis of synapse signaling in the cognitive.,Neuro
Analysis of dopamine signaling in the plasticity.,Neuro
Analysis of alzheimer signaling in the cognitive.,Neuro
Study of malignancy progression and carcinoma response.,Cancer
Effects on vascular function during heart stress.,Cardio
Study of biopsy progression and oncology response.,Cancer
Study of malignancy progression and apoptosis response.,Cancer
Effects on artery function during artery stress.,Cardio
Analysis of synapse signaling in the synapse.,Neuro
Study of metastasis progression and apoptosis response.,Cancer
Study of biopsy progression and tumor response.,Cancer
Effects on valve function during myocardium stress.,Cardio
Analysis of neuron signaling in the plasticity.,Neuro
Effects on cardiac function during cardiac stress.,Cardio
Analysis of cortex signaling in the plasticity.,Neuro
Study of carcinoma progression and carcinoma response.,Cancer
Analysis of plasticity signaling in the brain.,Neuro
Effects on valve function during hypertension stress.,Cardio
Analysis of brain signaling in the synapse.,Neuro
Study of carcinoma progression and apoptosis response.,Cancer
Study of carcinoma progression and malignancy response.,Cancer
Effects on vascular function during cardiac stress.,Cardio
Analysis of plasticity signaling in the cognitive.,Neuro
Analysis of alzheimer signaling in the plasticity.,Neuro
Study of malignancy progression and biopsy response.,Cancer
Effects on hypertension function during heart stress.,Cardio
Effects on myocardium function during valve stress.,Cardio
Study of oncology progression and biopsy response.,Cancer
Effects on stroke function during myocardium stress.,Cardio
Analysis of plasticity signaling in the cognitive.,Neuro
Analysis of cortex signaling in the alzheimer.,Neuro
Effects on vascular function during valve stress.,Cardio
Analysis of neuron signaling in the neuron.,Neuro
Analysis of dopamine signaling in the cortex.,Neuro
Analysis of synapse signaling in the neuron.,Neuro
Effects on heart function during heart stress.,Cardio
Analysis of neuron signaling in the neuron.,Neuro
Analysis of dopamine signaling in the neuron.,Neuro
Effects on heart function during hypertension stress.,Cardio
Study of metastasis progression and chemotherapy response.,Cancer
Effects on myocardium function during heart stress.,Cardio
Effects on hypertension function during vascular stress.,Cardio
Effects on myocardium function during valve stress.,Cardio
Study of metastasis progression and biopsy response.,Cancer
Study of biopsy progression and malignancy response.,Cancer
Analysis of plasticity signaling in the cortex.,Neuro
Analysis of synapse signaling in the dopamine.,Neuro
Study of chemotherapy progression and carcinoma response.,Cancer
Study of biopsy progression and malignancy response.,Cancer
Effects on cardiac function during artery stress.,Cardio
Analysis of alzheimer signaling in the synapse.,Neuro
Effects on vascular function during heart stress.,Cardio
Study of apoptosis progression and apoptosis response.,Cancer
Effects on vascular function during artery stress.,Cardio
Study of tumor progression and oncology response.,Cancer
Study of tumor progression and carcinoma response.,Cancer
Analysis of cortex signaling in the neuron.,Neuro
Study of apoptosis progression and oncology response.,Cancer
Analysis of neuron signaling in the synapse.,Neuro
Study of metastasis progression and chemotherapy response.,Cancer
Effects on vascular function during stroke stress.,Cardio
Effects on vascular function during stroke stress.,Cardio
Study of malignancy progression and apoptosis response.,Cancer
